{"name": "mlp_small_lr", "time": "2022-10-13 02:32:39.063704", "type": "train", "Accuracy": [0.92232, 0.92452, 0.89054, 0.87868, 0.89864, 0.89842, 0.90982, 0.91848, 0.9337, 0.92108], "Classification Error": [0.07768, 0.07548, 0.10946, 0.12132, 0.10136, 0.10158, 0.09018, 0.08152, 0.0663, 0.07892], "TP": [2912, 3644, 2086, 2167, 2066, 2012, 2983, 3172, 3465, 2898], "FP": [1796, 2418, 2559, 3233, 2134, 2091, 2492, 2248, 1780, 1844], "TN": [43204, 42582, 42441, 41767, 42866, 42909, 42508, 42752, 43220, 43156], "FN": [2088, 1356, 2914, 2833, 2934, 2988, 2017, 1828, 1535, 2102], "Precision": [0.6185216652506372, 0.6011217419993401, 0.44908503767491925, 0.4012962962962963, 0.4919047619047619, 0.4903728978796003, 0.5448401826484018, 0.5852398523985239, 0.6606291706387035, 0.6111345423871785], "Recall": [0.5824, 0.7288, 0.4172, 0.4334, 0.4132, 0.4024, 0.5966, 0.6344, 0.693, 0.5796], "Specificity": [0.9600888888888889, 0.9462666666666667, 0.9431333333333334, 0.9281555555555555, 0.9525777777777777, 0.9535333333333333, 0.9446222222222223, 0.9500444444444445, 0.9604444444444444, 0.9590222222222222], "F1-Score": [0.5999175937371239, 0.6588320376062194, 0.43255572835666145, 0.4167307692307693, 0.4491304347826087, 0.4420520707459079, 0.569546539379475, 0.6088291746641075, 0.6764275256222547, 0.5949497023198522], "confusion_matrix": [[2912, 134, 371, 154, 261, 92, 53, 135, 436, 160], [332, 3644, 125, 130, 109, 118, 113, 105, 384, 1002], [244, 58, 2086, 377, 684, 445, 364, 254, 61, 72], [143, 114, 403, 2167, 330, 1120, 548, 318, 125, 132], [120, 78, 569, 206, 2066, 242, 421, 364, 81, 53], [72, 40, 328, 797, 219, 2012, 237, 236, 74, 88], [83, 104, 520, 553, 571, 389, 2983, 120, 40, 112], [200, 123, 369, 255, 511, 369, 134, 3172, 51, 236], [619, 228, 131, 164, 138, 111, 60, 82, 3465, 247], [275, 477, 98, 197, 111, 102, 87, 214, 283, 2898]], "Classes": ["plane", "car", "bird", "cat", "deer", "dog", "frog", "horse", "ship", "truck"], "Total Accuracy": 0.90962}