{"name": "cnn2_longer", "time": "2022-10-14 01:31:57.258071", "type": "train", "Accuracy": [0.96006, 0.96766, 0.93512, 0.91866, 0.9401, 0.93, 0.9465, 0.95642, 0.96726, 0.9529], "Classification Error": [0.03994, 0.03234, 0.06488, 0.08134, 0.0599, 0.07, 0.0535, 0.04358, 0.03274, 0.0471], "TP": [3987, 3856, 3103, 2697, 3028, 3198, 4394, 3957, 4260, 4387], "FP": [984, 473, 1347, 1764, 1023, 1698, 2069, 1136, 897, 1742], "TN": [44016, 44527, 43653, 43236, 43977, 43302, 42931, 43864, 44103, 43258], "FN": [1013, 1144, 1897, 2303, 1972, 1802, 606, 1043, 740, 613], "Precision": [0.8020519010259505, 0.8907368907368908, 0.6973033707865168, 0.6045729657027572, 0.7474697605529499, 0.6531862745098039, 0.6798700293981124, 0.7769487531906538, 0.8260616637579988, 0.7157774514602708], "Recall": [0.7974, 0.7712, 0.6206, 0.5394, 0.6056, 0.6396, 0.8788, 0.7914, 0.852, 0.8774], "Specificity": [0.9781333333333333, 0.9894888888888889, 0.9700666666666666, 0.9608, 0.9772666666666666, 0.9622666666666667, 0.9540222222222222, 0.9747555555555556, 0.9800666666666666, 0.9612888888888889], "F1-Score": [0.7997191856383512, 0.8266695251366707, 0.6567195767195768, 0.5701300073987952, 0.6690973373107943, 0.6463217461600647, 0.7666404955072843, 0.7841077974834044, 0.8388303632962489, 0.78839069098751], "confusion_matrix": [[3987, 75, 264, 97, 108, 56, 21, 51, 236, 76], [48, 3856, 26, 30, 23, 13, 14, 21, 85, 213], [151, 17, 3103, 281, 333, 228, 127, 122, 59, 29], [65, 26, 266, 2697, 252, 737, 182, 161, 35, 40], [65, 15, 300, 155, 3028, 154, 85, 217, 23, 9], [36, 12, 263, 793, 218, 3198, 82, 242, 19, 33], [57, 58, 442, 572, 499, 253, 4394, 76, 43, 69], [46, 25, 160, 168, 429, 230, 29, 3957, 6, 43], [297, 174, 85, 85, 55, 43, 21, 36, 4260, 101], [248, 742, 91, 122, 55, 88, 45, 117, 234, 4387]], "Classes": ["plane", "car", "bird", "cat", "deer", "dog", "frog", "horse", "ship", "truck"], "Total Accuracy": 0.947468}