{"name": "mlp_small_batch", "time": "2022-10-13 02:30:04.087707", "type": "train", "Accuracy": [0.94912, 0.96456, 0.92144, 0.90786, 0.92898, 0.9301, 0.9468, 0.95796, 0.96198, 0.95612], "Classification Error": [0.05088, 0.03544, 0.07856, 0.09214, 0.07102, 0.0699, 0.0532, 0.04204, 0.03802, 0.04388], "TP": [3793, 4056, 3092, 3046, 3288, 2728, 3878, 3876, 3738, 4128], "FP": [1337, 828, 2020, 2653, 1839, 1223, 1538, 978, 639, 1322], "TN": [43663, 44172, 42980, 42347, 43161, 43777, 43462, 44022, 44361, 43678], "FN": [1207, 944, 1908, 1954, 1712, 2272, 1122, 1124, 1262, 872], "Precision": [0.7393762183235868, 0.8304668304668305, 0.6048513302034428, 0.5344797332865415, 0.6413107080163839, 0.6904581118704125, 0.71602658788774, 0.7985166872682324, 0.8540095956134338, 0.7574311926605505], "Recall": [0.7586, 0.8112, 0.6184, 0.6092, 0.6576, 0.5456, 0.7756, 0.7752, 0.7476, 0.8256], "Specificity": [0.9702888888888889, 0.9816, 0.9551111111111111, 0.9410444444444445, 0.9591333333333333, 0.9728222222222223, 0.9658222222222222, 0.9782666666666666, 0.9858, 0.9706222222222223], "F1-Score": [0.7488647581441265, 0.8207203561311209, 0.6115506329113924, 0.5693990092532013, 0.649353214179915, 0.6095408334264328, 0.7446236559139785, 0.7866856099046073, 0.7972699157513063, 0.7900478468899522], "confusion_matrix": [[3793, 129, 195, 97, 161, 62, 31, 78, 449, 135], [115, 4056, 36, 57, 41, 32, 31, 23, 232, 261], [280, 45, 3092, 363, 473, 342, 228, 182, 59, 48], [109, 61, 320, 3046, 274, 1070, 306, 263, 108, 142], [88, 19, 595, 206, 3288, 241, 315, 272, 67, 36], [34, 16, 187, 523, 149, 2728, 102, 141, 27, 44], [56, 41, 300, 466, 248, 257, 3878, 59, 50, 61], [102, 33, 161, 116, 234, 174, 62, 3876, 32, 64], [238, 96, 39, 45, 62, 35, 13, 30, 3738, 81], [185, 504, 75, 81, 70, 59, 34, 76, 238, 4128]], "Classes": ["plane", "car", "bird", "cat", "deer", "dog", "frog", "horse", "ship", "truck"], "Total Accuracy": 0.942492}