{"name": "mlp_base", "time": "2022-10-13 02:41:34.876732", "type": "train", "Accuracy": [0.94558, 0.96554, 0.9236, 0.90934, 0.9229, 0.92824, 0.9497, 0.95958, 0.96162, 0.95954], "Classification Error": [0.05442, 0.03446, 0.0764, 0.09066, 0.0771, 0.07176, 0.0503, 0.04042, 0.03838, 0.04046], "TP": [3994, 4020, 2744, 3023, 3558, 2593, 3482, 4032, 4262, 3933], "FP": [1715, 743, 1564, 2556, 2413, 1181, 997, 1053, 1181, 956], "TN": [43285, 44257, 43436, 42444, 42587, 43819, 44003, 43947, 43819, 44044], "FN": [1006, 980, 2256, 1977, 1442, 2407, 1518, 968, 738, 1067], "Precision": [0.6995971273427921, 0.844005878647911, 0.6369545032497679, 0.54185337874171, 0.59588008708759, 0.68706942236354, 0.777405670908685, 0.7929203539823009, 0.783024067609774, 0.8044589895684189], "Recall": [0.7988, 0.804, 0.5488, 0.6046, 0.7116, 0.5186, 0.6964, 0.8064, 0.8524, 0.7866], "Specificity": [0.9618888888888889, 0.9834888888888889, 0.9652444444444445, 0.9432, 0.9463777777777778, 0.9737555555555556, 0.9778444444444444, 0.9766, 0.9737555555555556, 0.9787555555555556], "F1-Score": [0.7459146512279391, 0.8235173614667622, 0.5896003437902879, 0.5715095944796295, 0.6486190866830736, 0.5910645087759288, 0.7346766536554488, 0.7996033713435796, 0.8162405439050081, 0.7954292648397209], "confusion_matrix": [[3994, 199, 403, 142, 211, 73, 50, 100, 331, 206], [80, 4020, 47, 38, 20, 33, 47, 35, 131, 312], [105, 30, 2744, 314, 339, 292, 269, 134, 34, 47], [82, 49, 309, 3023, 220, 1243, 397, 148, 43, 65], [118, 36, 759, 289, 3558, 310, 503, 288, 53, 57], [39, 14, 217, 461, 141, 2593, 123, 130, 12, 44], [37, 26, 197, 349, 135, 148, 3482, 28, 18, 59], [74, 25, 183, 198, 219, 206, 46, 4032, 8, 94], [349, 228, 82, 90, 124, 47, 39, 39, 4262, 183], [122, 373, 59, 96, 33, 55, 44, 66, 108, 3933]], "Classes": ["plane", "car", "bird", "cat", "deer", "dog", "frog", "horse", "ship", "truck"], "Total Accuracy": 0.942564}