{"name": "mlp_base", "time": "2022-10-13 20:22:57.364809", "type": "train", "Accuracy": [0.99232, 0.99738, 0.98896, 0.98954, 0.99008, 0.9915, 0.9939, 0.9946, 0.99422, 0.99646], "Classification Error": [0.00768, 0.00262, 0.01104, 0.01046, 0.00992, 0.0085, 0.0061, 0.0054, 0.00578, 0.00354], "TP": [4854, 4929, 4693, 4645, 4819, 4865, 4913, 4774, 4813, 4919], "FP": [238, 60, 245, 168, 315, 290, 218, 44, 102, 96], "TN": [44762, 44940, 44755, 44832, 44685, 44710, 44782, 44956, 44898, 44904], "FN": [146, 71, 307, 355, 181, 135, 87, 226, 187, 81], "Precision": [0.9532600157109191, 0.9879735417919423, 0.9503847711624139, 0.9650945356326616, 0.9386443319049474, 0.9437439379243453, 0.957513155330345, 0.9908675799086758, 0.9792472024415056, 0.9808574277168495], "Recall": [0.9708, 0.9858, 0.9386, 0.929, 0.9638, 0.973, 0.9826, 0.9548, 0.9626, 0.9838], "Specificity": [0.9947111111111111, 0.9986666666666667, 0.9945555555555555, 0.9962666666666666, 0.993, 0.9935555555555555, 0.9951555555555556, 0.9990222222222223, 0.9977333333333334, 0.9978666666666667], "F1-Score": [0.9619500594530321, 0.9868855741315447, 0.9444556248742202, 0.946703352695404, 0.9510558515887112, 0.9581486952240277, 0.9698943835751654, 0.9724994907313098, 0.9708522440746344, 0.982326510234648], "confusion_matrix": [[4854, 4, 81, 8, 7, 6, 0, 6, 105, 21], [11, 4929, 0, 3, 1, 3, 2, 2, 16, 22], [30, 5, 4693, 56, 70, 21, 27, 25, 7, 4], [5, 4, 30, 4645, 28, 46, 14, 32, 3, 6], [30, 5, 103, 36, 4819, 20, 23, 76, 16, 6], [8, 3, 29, 135, 32, 4865, 12, 58, 5, 8], [5, 8, 45, 85, 27, 23, 4913, 13, 5, 7], [11, 1, 5, 7, 7, 8, 2, 4774, 1, 2], [30, 19, 11, 16, 6, 5, 4, 6, 4813, 5], [16, 22, 3, 9, 3, 3, 3, 8, 29, 4919]], "Classes": ["plane", "car", "bird", "cat", "deer", "dog", "frog", "horse", "ship", "truck"], "Total Accuracy": 0.992896}