{"name": "example5", "time": "2022-10-13 02:43:26.590086", "type": "train", "Accuracy": [0.91054, 0.92618, 0.89612, 0.8897, 0.89102, 0.90518, 0.91176, 0.8909, 0.9228, 0.91728], "Classification Error": [0.08946, 0.07382, 0.10388, 0.1103, 0.10898, 0.09482, 0.08824, 0.1091, 0.0772, 0.08272], "TP": [2792, 3415, 1612, 1577, 1780, 1871, 3389, 3585, 3756, 2760], "FP": [2265, 2106, 1806, 2092, 2229, 1612, 2801, 4040, 2616, 1896], "TN": [42735, 42894, 43194, 42908, 42771, 43388, 42199, 40960, 42384, 43104], "FN": [2208, 1585, 3388, 3423, 3220, 3129, 1611, 1415, 1244, 2240], "Precision": [0.5521059916946807, 0.6185473646078609, 0.4716208308952604, 0.42981738893431454, 0.44400099775505114, 0.5371805914441573, 0.5474959612277868, 0.4701639344262295, 0.5894538606403014, 0.5927835051546392], "Recall": [0.5584, 0.683, 0.3224, 0.3154, 0.356, 0.3742, 0.6778, 0.717, 0.7512, 0.552], "Specificity": [0.9496666666666667, 0.9532, 0.9598666666666666, 0.9535111111111111, 0.9504666666666667, 0.9641777777777778, 0.9377555555555556, 0.9102222222222223, 0.9418666666666666, 0.9578666666666666], "F1-Score": [0.5552351595903351, 0.6491778348065773, 0.3829888334521264, 0.36382512400507555, 0.3951603951603952, 0.441117529175999, 0.6057193923145666, 0.5679207920792079, 0.6605698206120296, 0.5716652858326429], "confusion_matrix": [[2792, 221, 496, 159, 352, 84, 64, 115, 522, 252], [286, 3415, 113, 102, 79, 65, 135, 78, 257, 991], [179, 29, 1612, 357, 545, 307, 190, 104, 65, 30], [59, 39, 354, 1577, 226, 819, 253, 214, 58, 70], [137, 26, 773, 290, 1780, 242, 418, 277, 45, 21], [28, 8, 277, 792, 149, 1871, 96, 193, 43, 26], [68, 104, 517, 682, 723, 362, 3389, 151, 41, 153], [179, 102, 577, 637, 936, 1041, 249, 3585, 46, 273], [1055, 464, 182, 170, 121, 74, 65, 61, 3756, 424], [217, 592, 99, 234, 89, 135, 141, 222, 167, 2760]], "Classes": ["plane", "car", "bird", "cat", "deer", "dog", "frog", "horse", "ship", "truck"], "Total Accuracy": 0.906148}