{"name": "example5", "time": "2022-10-13 02:43:22.902486", "lr": 0.001, "batch_size": 400, "train_loss": [1.8932708406448364, 1.6164031963348389, 1.487968913078308, 1.4027517595291137, 1.3379371404647826], "val_loss": [1.6745193815231323, 1.5368365621566773, 1.4220795774459838, 1.3736370277404786, 1.3233546066284179], "all_step_loss": [[2.3040049076080322, 2.3053998947143555, 2.304771661758423, 2.2988107204437256, 2.2978827953338623, 2.296372413635254, 2.2885019779205322, 2.289687395095825, 2.28800106048584, 2.2759037017822266, 2.2740790843963623, 2.2513465881347656, 2.252074956893921, 2.228032350540161, 2.194772243499756, 2.1895008087158203, 2.1795501708984375, 2.1293210983276367, 2.1373777389526367, 2.076698064804077, 2.0635645389556885, 2.0385429859161377, 2.0270204544067383, 1.9860742092132568, 2.001038074493408, 2.0692873001098633, 1.9894696474075317, 2.010956048965454, 1.9774912595748901, 1.9756795167922974, 1.9702857732772827, 1.9554390907287598, 1.9958034753799438, 1.9836840629577637, 1.8957613706588745, 1.943986415863037, 1.908179759979248, 1.8470934629440308, 1.9106560945510864, 1.9116193056106567, 1.9284518957138062, 1.9558615684509277, 1.9470574855804443, 1.8509984016418457, 1.920333981513977, 1.9117748737335205, 1.969284176826477, 1.8558928966522217, 1.9087666273117065, 1.8658435344696045, 1.8680496215820312, 1.8945791721343994, 1.8440392017364502, 1.865291953086853, 1.884442925453186, 1.8840279579162598, 1.8035633563995361, 1.8314385414123535, 1.8511451482772827, 1.8127230405807495, 1.8785040378570557, 1.8165757656097412, 1.8627721071243286, 1.7637126445770264, 1.9119371175765991, 1.8727312088012695, 1.8262073993682861, 1.8046233654022217, 1.8517895936965942, 1.8484129905700684, 1.8170863389968872, 1.7524632215499878, 1.845790147781372, 1.8431227207183838, 1.841865062713623, 1.853140115737915, 1.755258321762085, 1.8476862907409668, 1.8243602514266968, 1.791330099105835, 1.7443406581878662, 1.750822901725769, 1.703948974609375, 1.8067741394042969, 1.7243974208831787, 1.7332954406738281, 1.7601772546768188, 1.8456315994262695, 1.8008476495742798, 1.8803155422210693, 1.6743777990341187, 1.8011821508407593, 1.7698031663894653, 1.7927898168563843, 1.8111262321472168, 1.7674925327301025, 1.796909213066101, 1.7489296197891235, 1.752030849456787, 1.7565842866897583, 1.7057061195373535, 1.7140780687332153, 1.7800793647766113, 1.7018681764602661, 1.7064622640609741, 1.617310643196106, 1.746408224105835, 1.6940420866012573, 1.7080209255218506, 1.6892696619033813, 1.6781712770462036, 1.670197606086731, 1.7092722654342651, 1.619807481765747, 1.7784593105316162, 1.76088547706604, 1.7216203212738037, 1.6759538650512695, 1.620729923248291, 1.7694172859191895, 1.7239658832550049, 1.6773420572280884, 1.7095096111297607, 1.7103815078735352, 1.761460781097412], [1.681920051574707, 1.620113492012024, 1.6417161226272583, 1.686503291130066, 1.6915549039840698, 1.69023859500885, 1.7243084907531738, 1.64237380027771, 1.7160133123397827, 1.6553486585617065, 1.5560482740402222, 1.7524731159210205, 1.6339869499206543, 1.6544910669326782, 1.6441621780395508, 1.6184741258621216, 1.6805660724639893, 1.7470312118530273, 1.774735450744629, 1.616917610168457, 1.6907310485839844, 1.6717201471328735, 1.7193646430969238, 1.6734095811843872, 1.671674370765686, 1.5390037298202515, 1.6307792663574219, 1.659102439880371, 1.5418188571929932, 1.6343786716461182, 1.6046206951141357, 1.7557852268218994, 1.6219106912612915, 1.643458604812622, 1.6664460897445679, 1.7359124422073364, 1.6598973274230957, 1.600773572921753, 1.6819016933441162, 1.665006160736084, 1.6467819213867188, 1.6359103918075562, 1.577113389968872, 1.6360948085784912, 1.6373745203018188, 1.5408958196640015, 1.7124615907669067, 1.684035301208496, 1.650946021080017, 1.595334768295288, 1.6247979402542114, 1.6705187559127808, 1.6492834091186523, 1.7182906866073608, 1.6167374849319458, 1.7231030464172363, 1.5570396184921265, 1.607143521308899, 1.643240213394165, 1.5929714441299438, 1.6467305421829224, 1.6139843463897705, 1.6300022602081299, 1.6224279403686523, 1.526890754699707, 1.6202056407928467, 1.5516483783721924, 1.6749364137649536, 1.5293138027191162, 1.5820298194885254, 1.6272739171981812, 1.5984926223754883, 1.6221181154251099, 1.6506065130233765, 1.581058382987976, 1.5334492921829224, 1.6179357767105103, 1.6636672019958496, 1.6011470556259155, 1.5927413702011108, 1.5799654722213745, 1.5362396240234375, 1.489935278892517, 1.648011326789856, 1.5708752870559692, 1.5897554159164429, 1.617539644241333, 1.6129432916641235, 1.584654688835144, 1.5743411779403687, 1.6458035707473755, 1.628056287765503, 1.5460532903671265, 1.674856424331665, 1.6012309789657593, 1.6036348342895508, 1.4946649074554443, 1.5887107849121094, 1.576786756515503, 1.573746681213379, 1.5572940111160278, 1.5141366720199585, 1.7202242612838745, 1.5904510021209717, 1.5175535678863525, 1.5387436151504517, 1.6339073181152344, 1.5471992492675781, 1.6384899616241455, 1.4725722074508667, 1.537838339805603, 1.5977953672409058, 1.530572533607483, 1.4440001249313354, 1.536161184310913, 1.624517798423767, 1.556982398033142, 1.5628046989440918, 1.5788229703903198, 1.5865912437438965, 1.5151559114456177, 1.5623071193695068, 1.531970500946045, 1.5238147974014282, 1.589280128479004], [1.4283620119094849, 1.5567595958709717, 1.5762104988098145, 1.485313892364502, 1.5462896823883057, 1.469904899597168, 1.5745185613632202, 1.5254837274551392, 1.4639298915863037, 1.5629692077636719, 1.4903024435043335, 1.5403193235397339, 1.5301275253295898, 1.464856743812561, 1.5512592792510986, 1.4664602279663086, 1.5605894327163696, 1.4555267095565796, 1.5548526048660278, 1.6044082641601562, 1.5576990842819214, 1.500319242477417, 1.4239195585250854, 1.5108877420425415, 1.440059781074524, 1.4452223777770996, 1.527115821838379, 1.4739046096801758, 1.4507899284362793, 1.5665074586868286, 1.5447033643722534, 1.3881328105926514, 1.48171067237854, 1.5728552341461182, 1.4726604223251343, 1.6125061511993408, 1.4498211145401, 1.4692487716674805, 1.5373976230621338, 1.4793877601623535, 1.5641947984695435, 1.5221154689788818, 1.4845112562179565, 1.4287256002426147, 1.5173205137252808, 1.5067412853240967, 1.5138005018234253, 1.485399603843689, 1.414845585823059, 1.4684782028198242, 1.4761500358581543, 1.4408100843429565, 1.452114462852478, 1.4199827909469604, 1.6584967374801636, 1.6156837940216064, 1.5007034540176392, 1.548667550086975, 1.5454726219177246, 1.6233856678009033, 1.4869426488876343, 1.490768313407898, 1.5219149589538574, 1.4414247274398804, 1.538791537284851, 1.4855769872665405, 1.4075665473937988, 1.4377325773239136, 1.4923183917999268, 1.523767113685608, 1.477713942527771, 1.4130675792694092, 1.4347480535507202, 1.5234217643737793, 1.4417840242385864, 1.4820566177368164, 1.4817672967910767, 1.4433352947235107, 1.4528708457946777, 1.477256417274475, 1.4307892322540283, 1.5153756141662598, 1.60007643699646, 1.5072180032730103, 1.4492274522781372, 1.5310288667678833, 1.4814560413360596, 1.403822660446167, 1.385300636291504, 1.4879279136657715, 1.4938522577285767, 1.5824253559112549, 1.3656964302062988, 1.4843707084655762, 1.4824714660644531, 1.4406222105026245, 1.4654301404953003, 1.437849760055542, 1.4375337362289429, 1.434670090675354, 1.5501799583435059, 1.5193839073181152, 1.4883917570114136, 1.439378261566162, 1.476972222328186, 1.4374661445617676, 1.5451102256774902, 1.407845139503479, 1.5384712219238281, 1.5843679904937744, 1.4106194972991943, 1.3969074487686157, 1.5136053562164307, 1.477992057800293, 1.4871009588241577, 1.4932307004928589, 1.4673302173614502, 1.4340410232543945, 1.3228548765182495, 1.458518624305725, 1.4336192607879639, 1.4108504056930542, 1.4180773496627808, 1.4065889120101929, 1.5043458938598633], [1.3542269468307495, 1.3587216138839722, 1.3968591690063477, 1.37538743019104, 1.3756884336471558, 1.363580584526062, 1.406404733657837, 1.3924328088760376, 1.432890772819519, 1.5126997232437134, 1.4114452600479126, 1.425047755241394, 1.4483535289764404, 