{"name": "mlp20", "time": "2022-10-13 02:45:01.223965", "type": "train", "Accuracy": [0.97164, 0.9865, 0.95544, 0.94792, 0.9607, 0.95404, 0.9727, 0.98098, 0.97706, 0.9807], "Classification Error": [0.02836, 0.0135, 0.04456, 0.05208, 0.0393, 0.04596, 0.0273, 0.01902, 0.02294, 0.0193], "TP": [3911, 4734, 3953, 3056, 3939, 4157, 4424, 4686, 4594, 4738], "FP": [329, 409, 1181, 660, 904, 1455, 789, 637, 741, 703], "TN": [44671, 44591, 43819, 44340, 44096, 43545, 44211, 44363, 44259, 44297], "FN": [1089, 266, 1047, 1944, 1061, 843, 576, 314, 406, 262], "Precision": [0.9224056603773585, 0.9204744312657982, 0.7699649396182314, 0.8223896663078579, 0.8133388395622548, 0.7407341411261582, 0.848647611739881, 0.8803306406161939, 0.8611059044048734, 0.8707958095938246], "Recall": [0.7822, 0.9468, 0.7906, 0.6112, 0.7878, 0.8314, 0.8848, 0.9372, 0.9188, 0.9476], "Specificity": [0.9926888888888888, 0.9909111111111111, 0.9737555555555556, 0.9853333333333333, 0.9799111111111111, 0.9676666666666667, 0.9824666666666667, 0.9858444444444444, 0.9835333333333334, 0.9843777777777778], "F1-Score": [0.8465367965367965, 0.9334516415261757, 0.7801460430234852, 0.7012391005048186, 0.800365742151783, 0.7834526950621937, 0.866346812885538, 0.9078756175530369, 0.889017900338655, 0.907575902691313], "confusion_matrix": [[3911, 27, 70, 37, 53, 14, 20, 21, 65, 22], [93, 4734, 17, 36, 12, 11, 18, 5, 95, 122], [158, 13, 3953, 271, 334, 155, 162, 54, 21, 13], [39, 11, 92, 3056, 78, 260, 110, 36, 23, 11], [100, 12, 316, 167, 3939, 114, 97, 63, 24, 11], [39, 11, 177, 879, 147, 4157, 96, 69, 18, 19], [18, 17, 175, 257, 168, 108, 4424, 24, 15, 7], [70, 17, 92, 143, 163, 108, 18, 4686, 12, 14], [441, 48, 53, 36, 66, 20, 21, 13, 4594, 43], [131, 110, 55, 118, 40, 53, 34, 29, 133, 4738]], "Classes": ["plane", "car", "bird", "cat", "deer", "dog", "frog", "horse", "ship", "truck"], "Total Accuracy": 0.968768}