{"name": "example_base", "time": "2022-10-13 02:42:27.025357", "type": "train", "Accuracy": [0.92854, 0.9495, 0.90722, 0.89352, 0.91414, 0.89188, 0.93658, 0.92448, 0.95238, 0.93396], "Classification Error": [0.07146, 0.0505, 0.09278, 0.10648, 0.08586, 0.10812, 0.06342, 0.07552, 0.04762, 0.06604], "TP": [3604, 3509, 2532, 1815, 2231, 2995, 3357, 3700, 3506, 3556], "FP": [2177, 1034, 2171, 2139, 1524, 3401, 1528, 2476, 887, 1858], "TN": [42823, 43966, 42829, 42861, 43476, 41599, 43472, 42524, 44113, 43142], "FN": [1396, 1491, 2468, 3185, 2769, 2005, 1643, 1300, 1494, 1444], "Precision": [0.6234215533644698, 0.7723970944309927, 0.5383797576015309, 0.4590288315629742, 0.5941411451398135, 0.4682614133833646, 0.6872057318321392, 0.5990932642487047, 0.7980878670612338, 0.6568156630956778], "Recall": [0.7208, 0.7018, 0.5064, 0.363, 0.4462, 0.599, 0.6714, 0.74, 0.7012, 0.7112], "Specificity": [0.9516222222222223, 0.9770222222222222, 0.9517555555555556, 0.9524666666666667, 0.9661333333333333, 0.9244222222222223, 0.9660444444444445, 0.9449777777777778, 0.9802888888888889, 0.9587111111111111], "F1-Score": [0.6685836193303033, 0.7354081525725663, 0.5219004431619085, 0.4054054054054054, 0.5096516276413477, 0.5256230256230255, 0.6792109256449166, 0.6621331424481031, 0.7465133610135208, 0.6829268292682927], "confusion_matrix": [[3604, 237, 422, 146, 290, 70, 65, 74, 663, 210], [130, 3509, 46, 36, 36, 28, 53, 13, 175, 517], [283, 56, 2532, 430, 542, 306, 308, 123, 77, 46], [90, 51, 306, 1815, 268, 622, 394, 181, 110, 117], [90, 35, 388, 207, 2231, 168, 355, 219, 42, 20], [68, 68, 547, 1410, 323, 2995, 281, 478, 80, 146], [26, 63, 324, 395, 370, 199, 3357, 47, 27, 77], [121, 74, 288, 357, 800, 500, 98, 3700, 50, 188], [344, 157, 62, 69, 67, 24, 19, 22, 3506, 123], [244, 750, 85, 135, 73, 88, 70, 143, 270, 3556]], "Classes": ["plane", "car", "bird", "cat", "deer", "dog", "frog", "horse", "ship", "truck"], "Total Accuracy": 0.92322}