{"name": "mlp_large_batch", "time": "2022-10-13 02:30:57.131178", "type": "train", "Accuracy": [0.94996, 0.96088, 0.92584, 0.91258, 0.9294, 0.92654, 0.94892, 0.96214, 0.96024, 0.93914], "Classification Error": [0.05004, 0.03912, 0.07416, 0.08742, 0.0706, 0.07346, 0.05108, 0.03786, 0.03976, 0.06086], "TP": [3498, 3655, 2921, 2770, 3365, 3055, 3839, 3771, 4099, 4418], "FP": [1000, 611, 1629, 2141, 1895, 1728, 1393, 664, 1087, 2461], "TN": [44000, 44389, 43371, 42859, 43105, 43272, 43607, 44336, 43913, 42539], "FN": [1502, 1345, 2079, 2230, 1635, 1945, 1161, 1229, 901, 582], "Precision": [0.7776789684304135, 0.8567744960150023, 0.641978021978022, 0.5640399104052128, 0.6397338403041825, 0.6387204683253188, 0.7337538226299695, 0.8502818489289741, 0.7903972232934825, 0.6422445122837622], "Recall": [0.6996, 0.731, 0.5842, 0.554, 0.673, 0.611, 0.7678, 0.7542, 0.8198, 0.8836], "Specificity": [0.9777777777777777, 0.9864222222222222, 0.9638, 0.9524222222222222, 0.9578888888888889, 0.9616, 0.9690444444444445, 0.9852444444444445, 0.9758444444444444, 0.9453111111111111], "F1-Score": [0.7365761212886923, 0.788905676667386, 0.6117277486910996, 0.5589748763999596, 0.6559454191033139, 0.624552795665951, 0.7503909304143864, 0.7993640699523052, 0.8048301590418221, 0.7438336560316526], "confusion_matrix": [[3498, 63, 273, 106, 123, 53, 36, 70, 210, 66], [106, 3655, 21, 39, 40, 35, 45, 27, 109, 189], [98, 37, 2921, 295, 461, 319, 223, 141, 22, 33], [89, 48, 323, 2770, 232, 817, 309, 224, 36, 63], [159, 16, 602, 222, 3365, 263, 238, 287, 75, 33], [46, 26, 248, 776, 185, 3055, 153, 197, 47, 50], [60, 31, 316, 422, 264, 186, 3839, 55, 35, 24], [73, 15, 96, 111, 146, 135, 31, 3771, 16, 41], [504, 170, 70, 74, 82, 33, 35, 36, 4099, 83], [367, 939, 130, 185, 102, 104, 91, 192, 351, 4418]], "Classes": ["plane", "car", "bird", "cat", "deer", "dog", "frog", "horse", "ship", "truck"], "Total Accuracy": 0.941564}