{"name": "example_large_lr", "time": "2022-10-13 02:37:51.989531", "type": "train", "Accuracy": [0.94776, 0.96448, 0.92546, 0.89862, 0.92938, 0.89474, 0.93382, 0.94492, 0.9534, 0.95478], "Classification Error": [0.05224, 0.03552, 0.07454, 0.10138, 0.07062, 0.10526, 0.06618, 0.05508, 0.0466, 0.04522], "TP": [3254, 3940, 2833, 1598, 2405, 3438, 4230, 3778, 4379, 3829], "FP": [866, 716, 1560, 1667, 936, 3701, 2539, 1532, 1709, 1090], "TN": [44134, 44284, 43440, 43333, 44064, 41299, 42461, 43468, 43291, 43910], "FN": [1746, 1060, 2167, 3402, 2595, 1562, 770, 1222, 621, 1171], "Precision": [0.7898058252427185, 0.8462199312714777, 0.6448895970862736, 0.4894333843797856, 0.7198443579766537, 0.48158005322874353, 0.62490766730684, 0.7114877589453861, 0.7192838370565046, 0.7784102459849563], "Recall": [0.6508, 0.788, 0.5666, 0.3196, 0.481, 0.6876, 0.846, 0.7556, 0.8758, 0.7658], "Specificity": [0.9807555555555556, 0.9840888888888889, 0.9653333333333334, 0.9629555555555556, 0.9792, 0.9177555555555555, 0.9435777777777777, 0.9659555555555556, 0.9620222222222222, 0.9757777777777777], "F1-Score": [0.7135964912280702, 0.8160729080364542, 0.6032151602256999, 0.3866908650937688, 0.5766694640930344, 0.5664387511327128, 0.7188376242671425, 0.7328806983511155, 0.7898629148629149, 0.7720536344389555], "confusion_matrix": [[3254, 76, 266, 64, 96, 27, 13, 35, 160, 129], [144, 3940, 23, 35, 14, 15, 23, 17, 119, 326], [239, 23, 2833, 321, 450, 183, 151, 114, 52, 27], [113, 37, 295, 1598, 222, 515, 148, 178, 58, 101], [79, 20, 271, 168, 2405, 124, 95, 133, 19, 27], [69, 22, 451, 1680, 597, 3438, 227, 568, 26, 61], [61, 114, 520, 720, 553, 336, 4230, 66, 44, 125], [80, 36, 188, 220, 542, 291, 52, 3778, 18, 105], [739, 281, 112, 117, 81, 39, 39, 31, 4379, 270], [222, 451, 41, 77, 40, 32, 22, 80, 125, 3829]], "Classes": ["plane", "car", "bird", "cat", "deer", "dog", "frog", "horse", "ship", "truck"], "Total Accuracy": 0.934736}