{"name": "example20", "time": "2022-10-13 02:46:37.414340", "type": "train", "Accuracy": [0.94954, 0.95406, 0.9082, 0.89738, 0.92002, 0.9235, 0.94618, 0.95012, 0.95934, 0.95014], "Classification Error": [0.05046, 0.04594, 0.0918, 0.10262, 0.07998, 0.0765, 0.05382, 0.04988, 0.04066, 0.04986], "TP": [3413, 4123, 3304, 2684, 3313, 2163, 4037, 3420, 3874, 3631], "FP": [936, 1420, 2894, 2815, 2312, 988, 1728, 914, 907, 1124], "TN": [44064, 43580, 42106, 42185, 42688, 44012, 43272, 44086, 44093, 43876], "FN": [1587, 877, 1696, 2316, 1687, 2837, 963, 1580, 1126, 1369], "Precision": [0.7847781099103243, 0.7438210355403211, 0.5330751855437238, 0.4880887434078923, 0.5889777777777778, 0.6864487464297049, 0.7002601908065915, 0.7891093677895709, 0.8102907341560343, 0.7636172450052576], "Recall": [0.6826, 0.8246, 0.6608, 0.5368, 0.6626, 0.4326, 0.8074, 0.684, 0.7748, 0.7262], "Specificity": [0.9792, 0.9684444444444444, 0.9356888888888889, 0.9374444444444444, 0.9486222222222223, 0.9780444444444445, 0.9616, 0.9796888888888889, 0.9798444444444444, 0.9750222222222222], "F1-Score": [0.7301315648732485, 0.7821303234373518, 0.5901053759599929, 0.5112867892180208, 0.6236235294117646, 0.5307324254692676, 0.7500232234091965, 0.7328047996571674, 0.7921480421224824, 0.744438749359303], "confusion_matrix": [[3413, 72, 196, 66, 95, 25, 16, 49, 304, 113], [190, 4123, 55, 46, 35, 33, 38, 19, 313, 691], [335, 48, 3304, 644, 542, 610, 283, 281, 88, 63], [123, 55, 294, 2684, 274, 1257, 289, 319, 72, 132], [153, 42, 503, 341, 3313, 373, 231, 557, 50, 62], [32, 12, 112, 490, 93, 2163, 33, 177, 21, 18], [86, 111, 331, 460, 313, 214, 4037, 66, 40, 107], [56, 26, 85, 146, 243, 251, 19, 3420, 14, 74], [388, 138, 77, 66, 49, 27, 29, 24, 3874, 109], [224, 373, 43, 57, 43, 47, 25, 88, 224, 3631]], "Classes": ["plane", "car", "bird", "cat", "deer", "dog", "frog", "horse", "ship", "truck"], "Total Accuracy": 0.935848}