{"name": "mlp5", "time": "2022-10-13 02:42:52.814790", "lr": 0.001, "batch_size": 400, "train_loss": [1.6811104173660278, 1.4494766778945922, 1.3377351531982422, 1.2573742246627808, 1.1877572298049928], "val_loss": [1.5111550521850585, 1.4498231649398803, 1.379000597000122, 1.358672513961792, 1.3400021648406983], "all_step_loss": [[2.3056082725524902, 2.22482967376709, 2.1562182903289795, 2.11714243888855, 2.094569444656372, 2.0105485916137695, 2.0098748207092285, 1.9661647081375122, 2.033114433288574, 1.919442892074585, 1.9987388849258423, 1.9006412029266357, 1.957093358039856, 1.8902531862258911, 1.8503155708312988, 1.8295822143554688, 1.8162602186203003, 1.7691447734832764, 1.8130580186843872, 1.9108465909957886, 1.806477665901184, 1.7858214378356934, 1.8646697998046875, 1.7417961359024048, 1.8540525436401367, 1.833480715751648, 1.6966564655303955, 1.7548364400863647, 1.8177860975265503, 1.8233163356781006, 1.6863867044448853, 1.728054165840149, 1.6799359321594238, 1.6938856840133667, 1.6710549592971802, 1.7173144817352295, 1.726824164390564, 1.645117998123169, 1.7223174571990967, 1.6296708583831787, 1.7233595848083496, 1.7657685279846191, 1.6278921365737915, 1.6595839262008667, 1.6500184535980225, 1.6414597034454346, 1.6843359470367432, 1.625706672668457, 1.6666728258132935, 1.6453338861465454, 1.7112302780151367, 1.6227209568023682, 1.6376030445098877, 1.594004511833191, 1.7041237354278564, 1.6695653200149536, 1.5973320007324219, 1.5812220573425293, 1.5662349462509155, 1.6523553133010864, 1.649668574333191, 1.6181846857070923, 1.5739545822143555, 1.6338139772415161, 1.604180097579956, 1.6271047592163086, 1.6191710233688354, 1.6465612649917603, 1.5916987657546997, 1.585944414138794, 1.6397747993469238, 1.6730492115020752, 1.594915747642517, 1.6857703924179077, 1.59149968624115, 1.5713398456573486, 1.5174795389175415, 1.570798397064209, 1.5288822650909424, 1.6779991388320923, 1.5892177820205688, 1.650868535041809, 1.6106939315795898, 1.5244052410125732, 1.5470263957977295, 1.6020002365112305, 1.517031192779541, 1.6428205966949463, 1.6339068412780762, 1.5889441967010498, 1.6312295198440552, 1.5611499547958374, 1.5759367942810059, 1.5301436185836792, 1.5482832193374634, 1.6367913484573364, 1.5917352437973022, 1.4938077926635742, 1.6340352296829224, 1.614784836769104, 1.542177438735962, 1.569608449935913, 1.4679725170135498, 1.6113483905792236, 1.5868312120437622, 1.5808982849121094, 1.5262970924377441, 1.5978913307189941, 1.609017014503479, 1.6327755451202393, 1.4851188659667969, 1.6005613803863525, 1.5437029600143433, 1.6118618249893188, 1.5645256042480469, 1.540523648262024, 1.4903753995895386, 1.4344350099563599, 1.549122929573059, 1.613315224647522, 1.5404008626937866, 1.5823875665664673, 1.4808512926101685, 1.4924037456512451, 1.4783674478530884], [1.400513768196106, 1.5202223062515259, 1.4613656997680664, 1.4579740762710571, 1.4840201139450073, 1.4661256074905396, 1.5177022218704224, 1.403658390045166, 1.4932255744934082, 1.4859548807144165, 1.4770430326461792, 1.466860294342041, 1.4496207237243652, 1.4976249933242798, 1.404915452003479, 1.4169743061065674, 1.5527071952819824, 1.4558475017547607, 1.525749921798706, 1.5128175020217896, 1.512588381767273, 1.4235926866531372, 1.5034958124160767, 1.4810656309127808, 1.3550820350646973, 1.3977421522140503, 1.5061309337615967, 1.545595407485962, 1.4934251308441162, 1.4247578382492065, 1.4255917072296143, 1.442022442817688, 1.4634313583374023, 1.450372338294983, 1.3683996200561523, 1.4468634128570557, 1.4287397861480713, 1.4280928373336792, 1.5288172960281372, 1.4685754776000977, 1.4314706325531006, 1.4709808826446533, 1.4381507635116577, 1.491301417350769, 1.432004690170288, 1.5107645988464355, 1.518792748451233, 1.470617651939392, 1.4789468050003052, 1.4442815780639648, 1.4252606630325317, 1.4728174209594727, 1.4120206832885742, 1.4123740196228027, 1.4379223585128784, 1.4570289850234985, 1.4730337858200073, 1.4973480701446533, 1.529809594154358, 1.3808168172836304, 1.4573609828948975, 1.4179683923721313, 1.4701697826385498, 1.5255998373031616, 1.3447508811950684, 1.4804000854492188, 1.4074684381484985, 1.3481816053390503, 1.4868606328964233, 1.3704115152359009, 1.4435867071151733, 1.4896949529647827, 1.3363547325134277, 1.387413501739502, 1.4714231491088867, 1.5593818426132202, 1.3903186321258545, 1.5336015224456787, 1.4373723268508911, 1.415419101715088, 1.366245150566101, 1.470556378364563, 1.3706867694854736, 1.4513729810714722, 1.389634370803833, 1.462282657623291, 1.5633028745651245, 1.5203028917312622, 1.380347490310669, 1.4439654350280762, 1.4761319160461426, 1.445348858833313, 1.5043020248413086, 1.4938302040100098, 1.4246407747268677, 1.4869911670684814, 1.4444012641906738, 1.3935505151748657, 1.4476624727249146, 1.4187933206558228, 1.4049991369247437, 1.4087491035461426, 1.4036108255386353, 1.349476933479309, 1.4116463661193848, 1.3833502531051636, 1.469696044921875, 1.478601098060608, 1.3694021701812744, 1.4528919458389282, 1.3456504344940186, 1.547349452972412, 1.3853607177734375, 1.4012081623077393, 1.4404994249343872, 1.5258768796920776, 1.4778426885604858, 1.4535973072052002, 1.4428575038909912, 1.4858043193817139, 1.4147377014160156, 1.3466922044754028, 1.4550307989120483, 1.4756639003753662, 1.3948512077331543], [1.40350341796875, 1.4266339540481567, 1.3868098258972168, 1.352190375328064, 1.2961899042129517, 1.3562318086624146, 1.3455959558486938, 1.360876202583313, 1.322398066520691, 1.3426997661590576, 1.3139748573303223, 1.3890578746795654, 1.3283802270889282, 1.2051684856414795, 1.2704877853393555, 1.399470329284668, 1.325232982635498, 1.2991340160369873, 1.3293108940124512, 1.347074031829834, 1.375236988067627, 1.34263277053833, 1.3158628940582275, 1.3930656909942627, 1.3403611183166504, 1.3888534307479858, 1.3240550756454468, 1.3372071981430054, 1.3264578580856323, 1.3071022033691406, 1.3656333684921265, 1.3243441581726074, 1.3062105178833008, 1.403325080871582, 1.3278700113296509, 1.3582768440246582, 1.247321367263794, 1.3339741230010986, 1.276461124420166, 1.3642429113388062, 1.2707176208496094, 1.3427942991256714, 1.328808307647705, 1.3955427408218384, 1.3886076211929321, 1.3229635953903198, 1.2484389543533325, 1.3076162338256836, 1.3064525127410889, 1.259920358657837, 1.364105224609375, 1.347511649131775, 1.3809633255004883, 1.3390040397644043, 1.3333184719085693, 1.4043174982070923, 1.3630067110061646, 1.3150056600570679, 1.3615717887878418, 1.3101747035980225, 1.2615845203399658, 1.3326714038848877, 1.3387320041656494, 1.4126005172729492, 1.3419674634933472, 1.3602094650268555, 1.343678593635559, 1.3214999437332153, 1.3563258647918701, 1.4348586797714233, 1.3585009574890137, 1.3732895851135254, 1.3894439935684204, 1.2642455101013184, 1.3592640161514282, 1.361852765083313, 1.2960925102233887, 1.2771848440170288, 1.3444408178329468, 1.3958995342254639, 1.3817030191421509, 1.2816154956817627, 1.3883246183395386, 1.3658734560012817, 1.4666929244995117, 1.3432666063308716, 1.3665274381637573, 1.284610629081726, 1.364229440689087, 1.323035717010498, 1.3240727186203003, 1.3265937566757202, 1.3654359579086304, 1.233060359954834, 1.311132788658142, 1.2434566020965576, 1.362971305847168, 1.3162635564804077, 1.262433648109436, 1.3517776727676392, 1.3623601198196411, 1.3639484643936157, 1.3294568061828613, 1.2873833179473877, 1.3522748947143555, 1.3553353548049927, 1.2448164224624634, 1.3933807611465454, 1.2984113693237305, 1.3245339393615723, 1.3673301935195923, 1.2860451936721802, 1.4223318099975586, 1.3170863389968872, 1.3393086194992065, 1.393713116645813, 1.3434300422668457, 1.1949076652526855, 1.3271942138671875, 1.3184014558792114, 1.3694322109222412, 1.3732409477233887, 1.3323043584823608, 1.3740005493164062, 1.3090884685516357], [1.2613202333450317, 1.2170755863189697, 1.2585952281951904, 1.2537428140640259, 1.2772067785263062, 1.2839820384979248, 1.3211791515350342, 1.305702805519104, 1.1990126371383667, 1.2383564710617065, 1.2907582521438599, 1.3605055809020996, 