{"name": "mlp5", "time": "2022-10-13 02:42:56.414428", "type": "train", "Accuracy": [0.93524, 0.94798, 0.90624, 0.89756, 0.9073, 0.90974, 0.90864, 0.94062, 0.94394, 0.9395], "Classification Error": [0.06476, 0.05202, 0.09376, 0.10244, 0.0927, 0.09026, 0.09136, 0.05938, 0.05606, 0.0605], "TP": [3275, 3711, 2095, 2068, 2769, 2337, 3928, 3518, 3878, 3340], "FP": [1513, 1312, 1783, 2190, 2404, 1850, 3496, 1487, 1681, 1365], "TN": [43487, 43688, 43217, 42810, 42596, 43150, 41504, 43513, 43319, 43635], "FN": [1725, 1289, 2905, 2932, 2231, 2663, 1072, 1482, 1122, 1660], "Precision": [0.684001670843776, 0.738801513040016, 0.5402269210933471, 0.48567402536402066, 0.5352793350086991, 0.5581561977549558, 0.5290948275862069, 0.7028971028971029, 0.6976074833603166, 0.7098831030818279], "Recall": [0.655, 0.7422, 0.419, 0.4136, 0.5538, 0.4674, 0.7856, 0.7036, 0.7756, 0.668], "Specificity": [0.9663777777777778, 0.9708444444444444, 0.9603777777777778, 0.9513333333333334, 0.9465777777777777, 0.9588888888888889, 0.9223111111111111, 0.9669555555555556, 0.9626444444444444, 0.9696666666666667], "F1-Score": [0.6691867592970985, 0.7404968572283748, 0.4719531425996846, 0.44674875783106505, 0.54438218814509, 0.508762381626211, 0.6323245331616226, 0.703248375812094, 0.7345392556113267, 0.6883049974240083], "confusion_matrix": [[3275, 149, 308, 110, 186, 66, 34, 109, 391, 160], [173, 3711, 63, 63, 41, 50, 54, 39, 223, 606], [156, 55, 2095, 340, 453, 302, 189, 170, 54, 64], [123, 70, 327, 2068, 201, 888, 231, 185, 62, 103], [169, 64, 752, 282, 2769, 294, 281, 392, 96, 74], [96, 26, 363, 701, 192, 2337, 125, 225, 43, 79], [129, 124, 677, 921, 652, 616, 3928, 186, 66, 125], [118, 43, 247, 246, 296, 294, 73, 3518, 25, 145], [539, 254, 99, 147, 142, 89, 47, 60, 3878, 304], [222, 504, 69, 122, 68, 64, 38, 116, 162, 3340]], "Classes": ["plane", "car", "bird", "cat", "deer", "dog", "frog", "horse", "ship", "truck"], "Total Accuracy": 0.923676}