{"name": "example_small_lr", "time": "2022-10-13 02:37:00.446472", "type": "train", "Accuracy": [0.90236, 0.89954, 0.88344, 0.88362, 0.87376, 0.86636, 0.88034, 0.88646, 0.91026, 0.89022], "Classification Error": [0.09764, 0.10046, 0.11656, 0.11638, 0.12624, 0.13364, 0.11966, 0.11354, 0.08974, 0.10978], "TP": [2476, 2879, 957, 915, 1904, 2533, 2782, 2507, 2343, 2613], "FP": [2358, 2902, 1785, 1734, 3216, 4215, 3765, 3184, 1830, 3102], "TN": [42642, 42098, 43215, 43266, 41784, 40785, 41235, 41816, 43170, 41898], "FN": [2524, 2121, 4043, 4085, 3096, 2467, 2218, 2493, 2657, 2387], "Precision": [0.5122052130740588, 0.49801072478809894, 0.3490153172866521, 0.34541336353340885, 0.371875, 0.3753704801422644, 0.424927447685963, 0.44052011948690917, 0.5614665708123652, 0.45721784776902885], "Recall": [0.4952, 0.5758, 0.1914, 0.183, 0.3808, 0.5066, 0.5564, 0.5014, 0.4686, 0.5226], "Specificity": [0.9476, 0.9355111111111111, 0.9603333333333334, 0.9614666666666667, 0.9285333333333333, 0.9063333333333333, 0.9163333333333333, 0.9292444444444444, 0.9593333333333334, 0.9310666666666667], "F1-Score": [0.5035590807402888, 0.5340877469622485, 0.24722293980883495, 0.23924696038697868, 0.3762845849802372, 0.43122233571671775, 0.4818567593314281, 0.4689926106070526, 0.5108470511283113, 0.48772748483434436], "confusion_matrix": [[2476, 209, 417, 104, 270, 65, 46, 123, 922, 202], [490, 2879, 130, 134, 95, 93, 128, 145, 600, 1087], [244, 20, 957, 332, 435, 289, 201, 130, 105, 29], [91, 67, 312, 915, 131, 433, 310, 224, 68, 98], [148, 46, 1062, 309, 1904, 322, 729, 499, 72, 29], [120, 92, 674, 1569, 454, 2533, 361, 703, 104, 138], [90, 153, 700, 845, 865, 522, 2782, 318, 55, 217], [253, 179, 536, 458, 627, 570, 243, 2507, 94, 224], [743, 346, 95, 67, 89, 51, 28, 48, 2343, 363], [345, 1009, 117, 267, 130, 122, 172, 303, 637, 2613]], "Classes": ["plane", "car", "bird", "cat", "deer", "dog", "frog", "horse", "ship", "truck"], "Total Accuracy": 0.887636}