{"name": "example100", "time": "2022-10-13 03:01:31.596635", "type": "train", "Accuracy": [0.98112, 0.9924, 0.9659, 0.95062, 0.96698, 0.9617, 0.98104, 0.98166, 0.98834, 0.98688], "Classification Error": [0.01888, 0.0076, 0.0341, 0.04938, 0.03302, 0.0383, 0.01896, 0.01834, 0.01166, 0.01312], "TP": [4737, 4782, 3913, 3647, 4252, 4033, 4581, 4511, 4693, 4767], "FP": [681, 162, 618, 1116, 903, 948, 529, 428, 276, 423], "TN": [44319, 44838, 44382, 43884, 44097, 44052, 44471, 44572, 44724, 44577], "FN": [263, 218, 1087, 1353, 748, 967, 419, 489, 307, 233], "Precision": [0.8743078626799557, 0.9672330097087378, 0.8636062679320239, 0.7656938904052069, 0.8248302618816683, 0.8096767717325838, 0.8964774951076321, 0.9133427819396639, 0.9444556248742202, 0.9184971098265896], "Recall": [0.9474, 0.9564, 0.7826, 0.7294, 0.8504, 0.8066, 0.9162, 0.9022, 0.9386, 0.9534], "Specificity": [0.9848666666666667, 0.9964, 0.9862666666666666, 0.9752, 0.9799333333333333, 0.9789333333333333, 0.9882444444444445, 0.9904888888888889, 0.9938666666666667, 0.9906], "F1-Score": [0.9093875983874065, 0.9617860016090104, 0.821110061903263, 0.7471064222062891, 0.8374199901526342, 0.8081354573690012, 0.9062314540059346, 0.9077371969010968, 0.9415187079947839, 0.9356231599607459], "confusion_matrix": [[4737, 33, 209, 89, 76, 47, 15, 30, 129, 53], [10, 4782, 15, 11, 6, 9, 11, 6, 21, 73], [36, 8, 3913, 150, 168, 103, 71, 55, 22, 5], [22, 8, 194, 3647, 174, 434, 131, 99, 24, 30], [32, 4, 273, 170, 4252, 139, 120, 137, 18, 10], [15, 3, 146, 512, 94, 4033, 38, 124, 8, 8], [9, 7, 111, 233, 57, 76, 4581, 9, 12, 15], [8, 3, 63, 76, 138, 121, 5, 4511, 5, 9], [75, 27, 44, 54, 16, 16, 11, 3, 4693, 30], [56, 125, 32, 58, 19, 22, 17, 26, 68, 4767]], "Classes": ["plane", "car", "bird", "cat", "deer", "dog", "frog", "horse", "ship", "truck"], "Total Accuracy": 0.975664}