{"name": "cnn3_low_lr", "time": "2022-10-14 00:46:43.160992", "type": "train", "Accuracy": [0.93254, 0.94186, 0.90692, 0.8891, 0.90812, 0.90622, 0.92558, 0.93942, 0.94356, 0.92832], "Classification Error": [0.06746, 0.05814, 0.09308, 0.1109, 0.09188, 0.09378, 0.07442, 0.06058, 0.05644, 0.07168], "TP": [3293, 3739, 2267, 2028, 2588, 2476, 3749, 3277, 3735, 3389], "FP": [1666, 1646, 1921, 2573, 2182, 2165, 2470, 1306, 1557, 1973], "TN": [43334, 43354, 43079, 42427, 42818, 42835, 42530, 43694, 43443, 43027], "FN": [1707, 1261, 2733, 2972, 2412, 2524, 1251, 1723, 1265, 1611], "Precision": [0.6640451703972575, 0.6943361188486536, 0.541308500477555, 0.4407737448380787, 0.5425576519916142, 0.5335057099762982, 0.6028300369834378, 0.7150338206415012, 0.70578231292517, 0.6320402834763148], "Recall": [0.6586, 0.7478, 0.4534, 0.4056, 0.5176, 0.4952, 0.7498, 0.6554, 0.747, 0.6778], "Specificity": [0.9629777777777778, 0.9634222222222222, 0.9573111111111111, 0.9428222222222222, 0.9515111111111111, 0.9518888888888889, 0.9451111111111111, 0.9709777777777778, 0.9654, 0.9561555555555555], "F1-Score": [0.6613113766442414, 0.7200770341839191, 0.49346974314323033, 0.4224559941672742, 0.5297850562947798, 0.5136396639352764, 0.6683305107407077, 0.6839194406761975, 0.7258064516129032, 0.6541208260953484], "confusion_matrix": [[3293, 151, 397, 117, 227, 37, 43, 77, 445, 172], [223, 3739, 82, 67, 54, 45, 70, 42, 290, 773], [215, 28, 2267, 377, 509, 310, 205, 149, 83, 45], [98, 46, 372, 2028, 304, 999, 317, 260, 79, 98], [102, 29, 638, 336, 2588, 295, 299, 408, 42, 33], [42, 21, 370, 914, 232, 2476, 103, 400, 30, 53], [74, 85, 459, 648, 530, 349, 3749, 125, 55, 145], [53, 28, 169, 198, 381, 321, 54, 3277, 13, 89], [628, 250, 138, 119, 79, 50, 50, 40, 3735, 203], [272, 623, 108, 196, 96, 118, 110, 222, 228, 3389]], "Classes": ["plane", "car", "bird", "cat", "deer", "dog", "frog", "horse", "ship", "truck"], "Total Accuracy": 0.922164}