{"name": "lenet_base", "time": "2022-10-13 20:26:09.275604", "type": "train", "Accuracy": [0.96186, 0.9706, 0.94182, 0.91236, 0.94212, 0.93038, 0.96072, 0.96342, 0.97032, 0.96564], "Classification Error": [0.03814, 0.0294, 0.05818, 0.08764, 0.05788, 0.06962, 0.03928, 0.03658, 0.02968, 0.03436], "TP": [3806, 4456, 2963, 3116, 3755, 3455, 4011, 3814, 4550, 4055], "FP": [713, 926, 872, 2498, 1649, 1936, 975, 643, 1034, 773], "TN": [44287, 44074, 44128, 42502, 43351, 43064, 44025, 44357, 43966, 44227], "FN": [1194, 544, 2037, 1884, 1245, 1545, 989, 1186, 450, 945], "Precision": [0.8422217304713432, 0.8279450018580453, 0.7726205997392438, 0.5550409690060563, 0.6948556624722427, 0.6408829530699314, 0.8044524669073405, 0.855732555530626, 0.8148280802292264, 0.8398922949461475], "Recall": [0.7612, 0.8912, 0.5926, 0.6232, 0.751, 0.691, 0.8022, 0.7628, 0.91, 0.811], "Specificity": [0.9841555555555556, 0.9794222222222222, 0.9806222222222222, 0.9444888888888889, 0.9633555555555555, 0.9569777777777778, 0.9783333333333334, 0.9857111111111111, 0.9770222222222222, 0.9828222222222223], "F1-Score": [0.7996638302342682, 0.8584087844345982, 0.6707413695529145, 0.5871490484266063, 0.721837754709727, 0.6649985564430758, 0.8033246545163228, 0.8065982869831871, 0.8597883597883598, 0.8251933251933252], "confusion_matrix": [[3806, 61, 262, 62, 53, 23, 11, 19, 126, 96], [128, 4456, 44, 27, 32, 30, 51, 24, 96, 494], [130, 13, 2963, 153, 189, 129, 132, 80, 32, 14], [128, 50, 441, 3116, 278, 829, 371, 254, 64, 83], [101, 23, 430, 269, 3755, 211, 209, 348, 24, 34], [46, 16, 346, 829, 201, 3455, 135, 317, 10, 36], [46, 43, 258, 265, 169, 112, 4011, 29, 23, 30], [31, 7, 105, 103, 206, 127, 13, 3814, 5, 46], [422, 134, 88, 102, 77, 32, 43, 24, 4550, 112], [162, 197, 63, 74, 40, 52, 24, 91, 70, 4055]], "Classes": ["plane", "car", "bird", "cat", "deer", "dog", "frog", "horse", "ship", "truck"], "Total Accuracy": 0.951924}