{"name": "cnn3_base", "time": "2022-10-14 00:36:29.143507", "type": "train", "Accuracy": [0.96126, 0.96774, 0.9425, 0.91808, 0.94038, 0.93602, 0.95026, 0.96018, 0.9725, 0.96492], "Classification Error": [0.03874, 0.03226, 0.0575, 0.08192, 0.05962, 0.06398, 0.04974, 0.03982, 0.0275, 0.03508], "TP": [4121, 4479, 3394, 2930, 3646, 2835, 4206, 3896, 4430, 3909], "FP": [1058, 1092, 1269, 2026, 1627, 1034, 1693, 887, 805, 663], "TN": [43942, 43908, 43731, 42974, 43373, 43966, 43307, 44113, 44195, 44337], "FN": [879, 521, 1606, 2070, 1354, 2165, 794, 1104, 570, 1091], "Precision": [0.795713458196563, 0.8039849219170705, 0.7278576024018872, 0.5912025827280064, 0.6914469941209938, 0.7327474799689843, 0.7130022037633498, 0.8145515366924524, 0.8462273161413563, 0.85498687664042], "Recall": [0.8242, 0.8958, 0.6788, 0.586, 0.7292, 0.567, 0.8412, 0.7792, 0.886, 0.7818], "Specificity": [0.9764888888888889, 0.9757333333333333, 0.9718, 0.9549777777777778, 0.9638444444444444, 0.9770222222222222, 0.9623777777777778, 0.9802888888888889, 0.9821111111111112, 0.9852666666666666], "F1-Score": [0.80970625798212, 0.8474127329486331, 0.7024733519610887, 0.588589795098433, 0.7098218631363769, 0.6393054459352803, 0.771813927883292, 0.7964836962077072, 0.8656570591108941, 0.8167572085248641], "confusion_matrix": [[4121, 93, 234, 108, 112, 51, 26, 66, 221, 147], [130, 4479, 68, 41, 28, 40, 36, 35, 124, 590], [134, 13, 3394, 277, 266, 246, 167, 120, 30, 16], [64, 22, 256, 2930, 198, 928, 219, 225, 47, 67], [63, 16, 366, 286, 3646, 273, 210, 370, 25, 18], [24, 5, 153, 548, 85, 2835, 57, 132, 10, 20], [50, 45, 323, 497, 314, 292, 4206, 81, 28, 63], [32, 17, 108, 146, 267, 230, 28, 3896, 4, 55], [280, 89, 66, 103, 48, 51, 33, 20, 4430, 115], [102, 221, 32, 64, 36, 54, 18, 55, 81, 3909]], "Classes": ["plane", "car", "bird", "cat", "deer", "dog", "frog", "horse", "ship", "truck"], "Total Accuracy": 0.951384}