{"name": "cnn3_base", "time": "2022-10-13 20:35:57.954886", "type": "train", "Accuracy": [0.96604, 0.9776, 0.93758, 0.92124, 0.9454, 0.93848, 0.96576, 0.96406, 0.97768, 0.9678], "Classification Error": [0.03396, 0.0224, 0.06242, 0.07876, 0.0546, 0.06152, 0.03424, 0.03594, 0.02232, 0.0322], "TP": [4055, 4370, 3716, 3078, 3540, 3350, 3815, 4220, 4548, 4349], "FP": [753, 490, 1837, 2016, 1270, 1426, 527, 1017, 664, 959], "TN": [44247, 44510, 43163, 42984, 43730, 43574, 44473, 43983, 44336, 44041], "FN": [945, 630, 1284, 1922, 1460, 1650, 1185, 780, 452, 651], "Precision": [0.8433860232945092, 0.8991769547325102, 0.6691878264001441, 0.6042402826855123, 0.735966735966736, 0.7014237855946399, 0.8786273606632888, 0.805804850105022, 0.8726016884113584, 0.8193293142426527], "Recall": [0.811, 0.874, 0.7432, 0.6156, 0.708, 0.67, 0.763, 0.844, 0.9096, 0.8698], "Specificity": [0.9832666666666666, 0.9891111111111112, 0.9591777777777778, 0.9552, 0.9717777777777777, 0.9683111111111111, 0.9882888888888889, 0.9774, 0.9852444444444445, 0.9786888888888889], "F1-Score": [0.8268760195758565, 0.8864097363083163, 0.7042547142992513, 0.6098672478700218, 0.7217125382262997, 0.6853518821603928, 0.816741597088418, 0.8244602911009085, 0.8907168037602821, 0.8438106325184322], "confusion_matrix": [[4055, 61, 154, 82, 85, 37, 41, 36, 153, 104], [56, 4370, 19, 25, 16, 11, 33, 10, 64, 256], [280, 22, 3716, 377, 397, 278, 281, 114, 55, 33], [54, 31, 299, 3078, 309, 744, 348, 144, 38, 49], [78, 8, 286, 226, 3540, 188, 238, 210, 18, 18], [27, 10, 176, 703, 165, 3350, 129, 183, 10, 23], [19, 17, 141, 149, 94, 68, 3815, 11, 9, 19], [28, 17, 95, 220, 307, 250, 48, 4220, 14, 38], [259, 102, 47, 50, 42, 18, 23, 12, 4548, 111], [144, 362, 67, 90, 45, 56, 44, 60, 91, 4349]], "Classes": ["plane", "car", "bird", "cat", "deer", "dog", "frog", "horse", "ship", "truck"], "Total Accuracy": 0.956164}