{"name": "example_small_batch", "time": "2022-10-13 02:34:22.455795", "type": "train", "Accuracy": [0.92958, 0.94588, 0.90692, 0.90186, 0.90908, 0.90402, 0.91848, 0.9397, 0.94416, 0.93344], "Classification Error": [0.07042, 0.05412, 0.09308, 0.09814, 0.09092, 0.09598, 0.08152, 0.0603, 0.05584, 0.06656], "TP": [3362, 3787, 2307, 1408, 2724, 2573, 3783, 3255, 4004, 3625], "FP": [1883, 1493, 1961, 1315, 2270, 2372, 2859, 1270, 1796, 1953], "TN": [43117, 43507, 43039, 43685, 42730, 42628, 42141, 43730, 43204, 43047], "FN": [1638, 1213, 2693, 3592, 2276, 2427, 1217, 1745, 996, 1375], "Precision": [0.6409914204003813, 0.7172348484848485, 0.5405342080599812, 0.5170767535806097, 0.5454545454545454, 0.5203235591506572, 0.5695573622402891, 0.7193370165745856, 0.6903448275862069, 0.6498745069917533], "Recall": [0.6724, 0.7574, 0.4614, 0.2816, 0.5448, 0.5146, 0.7566, 0.651, 0.8008, 0.725], "Specificity": [0.9581555555555555, 0.9668222222222222, 0.9564222222222222, 0.9707777777777777, 0.9495555555555556, 0.9472888888888888, 0.9364666666666667, 0.9717777777777777, 0.9600888888888889, 0.9566], "F1-Score": [0.6563201561737432, 0.7367704280155642, 0.49784203711696157, 0.36462514566878157, 0.5451270762457474, 0.5174459527400703, 0.6498883353375708, 0.6834645669291339, 0.7414814814814814, 0.6853847608243524], "confusion_matrix": [[3362, 157, 512, 155, 241, 69, 68, 106, 400, 175], [190, 3787, 103, 93, 54, 65, 95, 50, 184, 659], [187, 22, 2307, 432, 462, 395, 234, 146, 55, 28], [62, 16, 209, 1408, 123, 531, 159, 152, 24, 39], [100, 35, 553, 411, 2724, 349, 321, 433, 41, 27], [44, 15, 390, 1129, 204, 2573, 135, 373, 42, 40], [65, 95, 526, 775, 622, 467, 3783, 169, 33, 107], [52, 27, 161, 206, 386, 329, 33, 3255, 16, 60], [672, 235, 167, 174, 96, 98, 60, 54, 4004, 240], [266, 611, 72, 217, 88, 124, 112, 262, 201, 3625]], "Classes": ["plane", "car", "bird", "cat", "deer", "dog", "frog", "horse", "ship", "truck"], "Total Accuracy": 0.923312}