{"name": "cnn2_base", "time": "2022-10-13 20:32:40.560191", "type": "train", "Accuracy": [0.94426, 0.9555, 0.91962, 0.88974, 0.92714, 0.92368, 0.94984, 0.93754, 0.95982, 0.9447], "Classification Error": [0.05574, 0.0445, 0.08038, 0.11026, 0.07286, 0.07632, 0.05016, 0.06246, 0.04018, 0.0553], "TP": [3659, 3502, 2809, 3191, 3182, 1888, 3781, 3800, 4058, 3926], "FP": [1446, 727, 1828, 3704, 1825, 704, 1289, 1923, 1067, 1691], "TN": [43554, 44273, 43172, 41296, 43175, 44296, 43711, 43077, 43933, 43309], "FN": [1341, 1498, 2191, 1809, 1818, 3112, 1219, 1200, 942, 1074], "Precision": [0.7167482859941234, 0.8280917474580279, 0.6057795988785853, 0.46279912980420596, 0.6355102856001598, 0.7283950617283951, 0.7457593688362919, 0.6639874191857418, 0.7918048780487805, 0.6989496172333987], "Recall": [0.7318, 0.7004, 0.5618, 0.6382, 0.6364, 0.3776, 0.7562, 0.76, 0.8116, 0.7852], "Specificity": [0.9678666666666667, 0.9838444444444444, 0.9593777777777778, 0.9176888888888889, 0.9594444444444444, 0.9843555555555555, 0.9713555555555555, 0.9572666666666667, 0.9762888888888889, 0.9624222222222222], "F1-Score": [0.7241959426026721, 0.7589121248239246, 0.582961502542285, 0.5365279529213955, 0.6359548316178675, 0.4973656480505796, 0.7509433962264149, 0.7087568777394386, 0.8015802469135802, 0.7395686163699728], "confusion_matrix": [[3659, 185, 311, 132, 140, 53, 40, 69, 361, 155], [90, 3502, 26, 21, 15, 15, 36, 21, 131, 372], [239, 60, 2809, 319, 344, 350, 240, 146, 86, 44], [128, 77, 515, 3191, 356, 1682, 434, 313, 82, 117], [91, 35, 506, 264, 3182, 270, 257, 340, 35, 27], [12, 6, 129, 294, 59, 1888, 31, 144, 10, 19], [28, 74, 293, 347, 275, 153, 3781, 35, 25, 59], [98, 59, 254, 259, 530, 500, 67, 3800, 20, 136], [418, 205, 82, 75, 50, 27, 36, 29, 4058, 145], [237, 797, 75, 98, 49, 62, 78, 103, 192, 3926]], "Classes": ["plane", "car", "bird", "cat", "deer", "dog", "frog", "horse", "ship", "truck"], "Total Accuracy": 0.935184}