{"name": "example_large_batch", "time": "2022-10-13 02:35:14.769242", "type": "train", "Accuracy": [0.91768, 0.94598, 0.90086, 0.89556, 0.91416, 0.90912, 0.93074, 0.93122, 0.94588, 0.92944], "Classification Error": [0.08232, 0.05402, 0.09914, 0.10444, 0.08584, 0.09088, 0.06926, 0.06878, 0.05412, 0.07056], "TP": [3712, 3652, 2198, 1994, 2228, 2456, 3823, 3575, 3317, 3561], "FP": [2828, 1353, 2155, 2216, 1520, 2000, 2286, 2014, 1023, 2089], "TN": [42172, 43647, 42845, 42784, 43480, 43000, 42714, 42986, 43977, 42911], "FN": [1288, 1348, 2802, 3006, 2772, 2544, 1177, 1425, 1683, 1439], "Precision": [0.5675840978593272, 0.7296703296703296, 0.5049391224442913, 0.47363420427553443, 0.5944503735325507, 0.5511669658886894, 0.6257980029464724, 0.6396493111468957, 0.7642857142857142, 0.6302654867256637], "Recall": [0.7424, 0.7304, 0.4396, 0.3988, 0.4456, 0.4912, 0.7646, 0.715, 0.6634, 0.7122], "Specificity": [0.9371555555555555, 0.9699333333333333, 0.9521111111111111, 0.9507555555555556, 0.9662222222222222, 0.9555555555555556, 0.9492, 0.9552444444444445, 0.9772666666666666, 0.9535777777777777], "F1-Score": [0.6433275563258232, 0.7300349825087457, 0.47000962258099005, 0.4330076004343105, 0.5093735711019662, 0.5194585448392555, 0.6882707714465749, 0.6752290112380773, 0.7102783725910063, 0.6687323943661972], "confusion_matrix": [[3712, 245, 519, 202, 346, 82, 82, 177, 891, 284], [145, 3652, 66, 47, 62, 39, 78, 29, 257, 630], [225, 23, 2198, 446, 581, 361, 241, 155, 81, 42], [55, 37, 318, 1994, 287, 913, 271, 214, 63, 58], [66, 18, 539, 217, 2228, 229, 190, 209, 34, 18], [35, 14, 363, 865, 211, 2456, 95, 331, 35, 51], [73, 60, 550, 640, 456, 281, 3823, 75, 52, 99], [101, 35, 242, 313, 676, 473, 67, 3575, 18, 89], [356, 185, 84, 81, 63, 31, 35, 20, 3317, 168], [232, 731, 121, 195, 90, 135, 118, 215, 252, 3561]], "Classes": ["plane", "car", "bird", "cat", "deer", "dog", "frog", "horse", "ship", "truck"], "Total Accuracy": 0.922064}