{"name": "example", "time": "2022-10-13 01:51:28.915874", "lr": 0.001, "batch_size": 1000, "train_loss": [2.011142385005951, 1.6910893750190734, 1.5692375302314758], "val_loss": [1.7763987541198731, 1.593613612651825, 1.524059808254242], "all_step_loss": [[2.3041067123413086, 2.3021085262298584, 2.2935798168182373, 2.289405584335327, 2.2887370586395264, 2.27567982673645, 2.267849922180176, 2.258347272872925, 2.247389554977417, 2.2262699604034424, 2.2204504013061523, 2.1908717155456543, 2.179888963699341, 2.1513991355895996, 2.126187324523926, 2.0932364463806152, 2.083772659301758, 2.047431707382202, 2.032564163208008, 2.0461394786834717, 2.005706310272217, 1.9499200582504272, 2.028276205062866, 2.021902322769165, 1.9750274419784546, 1.9574090242385864, 1.9675198793411255, 1.9414409399032593, 1.8893424272537231, 1.9107807874679565, 1.929836630821228, 1.910326361656189, 1.934708833694458, 1.916426181793213, 1.8797880411148071, 1.825087070465088, 1.8668948411941528, 1.86443030834198, 1.8275011777877808, 1.8226954936981201, 1.8590377569198608, 1.8244279623031616, 1.8066954612731934, 1.875244140625, 1.8227827548980713, 1.7713958024978638, 1.803443193435669, 1.818388819694519, 1.8198879957199097, 1.805378794670105], [1.8101357221603394, 1.8412365913391113, 1.784790277481079, 1.765697956085205, 1.7648563385009766, 1.7337943315505981, 1.7482823133468628, 1.780500054359436, 1.7686179876327515, 1.760640025138855, 1.7393600940704346, 1.7282236814498901, 1.7122337818145752, 1.7220609188079834, 1.695475459098816, 1.7197487354278564, 1.6990841627120972, 1.754274606704712, 1.7068570852279663, 1.681879997253418, 1.6695517301559448, 1.7196927070617676, 1.6919907331466675, 1.6924341917037964, 1.6818804740905762, 1.659238576889038, 1.6660315990447998, 1.6343426704406738, 1.682926893234253, 1.6195857524871826, 1.7230511903762817, 1.6570292711257935, 1.6625193357467651, 1.6573619842529297, 1.7188326120376587, 1.6293087005615234, 1.687136173248291, 1.6659623384475708, 1.64793860912323, 1.6540061235427856, 1.70723295211792, 1.6434946060180664, 1.644294023513794, 1.5839191675186157, 1.631958246231079, 1.610748291015625, 1.5870505571365356, 1.6336328983306885, 1.5791304111480713, 1.5944358110427856], [1.6055915355682373, 1.5957977771759033, 1.5734652280807495, 1.5653570890426636, 1.6229987144470215, 1.5926707983016968, 1.5924351215362549, 1.5594125986099243, 1.57674241065979, 1.6297283172607422, 1.5968767404556274, 1.622139811515808, 1.5676276683807373, 1.560757040977478, 1.5858515501022339, 1.532657504081726, 1.5435775518417358, 1.5549116134643555, 1.6253573894500732, 1.5858074426651, 1.5888402462005615, 1.544510006904602, 1.561619520187378, 1.612696647644043, 1.5501201152801514, 1.5646858215332031, 1.5805734395980835, 1.5473490953445435, 1.5948489904403687, 1.574800968170166, 1.5927927494049072, 1.5880632400512695, 1.5585579872131348, 1.5765323638916016, 1.5470890998840332, 1.5435115098953247, 1.551723599433899, 1.577894687652588, 1.5793213844299316, 1.5126490592956543, 1.5744489431381226, 1.486352801322937, 1.533487319946289, 1.5387414693832397, 1.516878604888916, 1.565901279449463, 1.514955759048462, 1.5616564750671387, 1.5371395349502563, 1.594369888305664]]}