{"name": "mlp_large_lr", "time": "2022-10-13 02:33:29.963493", "type": "train", "Accuracy": [0.93522, 0.94658, 0.9098, 0.86952, 0.88126, 0.89834, 0.9329, 0.9466, 0.94558, 0.9362], "Classification Error": [0.06478, 0.05342, 0.0902, 0.13048, 0.11874, 0.10166, 0.0671, 0.0534, 0.05442, 0.0638], "TP": [2998, 3515, 1913, 1747, 3137, 2313, 3603, 3418, 3702, 3704], "FP": [1237, 1186, 1423, 3271, 4074, 2396, 1958, 1088, 1423, 1894], "TN": [43763, 43814, 43577, 41729, 40926, 42604, 43042, 43912, 43577, 43106], "FN": [2002, 1485, 3087, 3253, 1863, 2687, 1397, 1582, 1298, 1296], "Precision": [0.7079102715466352, 0.7477132524994682, 0.5734412470023981, 0.34814667198086885, 0.43502981555956177, 0.4911870885538331, 0.6479050530480129, 0.7585441633377719, 0.7223414634146341, 0.661664880314398], "Recall": [0.5996, 0.703, 0.3826, 0.3494, 0.6274, 0.4626, 0.7206, 0.6836, 0.7404, 0.7408], "Specificity": [0.9725111111111111, 0.9736444444444444, 0.9683777777777778, 0.9273111111111111, 0.9094666666666666, 0.9467555555555556, 0.9564888888888889, 0.9758222222222223, 0.9683777777777778, 0.9579111111111112], "F1-Score": [0.6492690850027072, 0.724667560045356, 0.4589731285988484, 0.34877221002196046, 0.513799033658177, 0.4764651354413431, 0.6823217498342959, 0.7191247633073847, 0.7312592592592593, 0.6989998112851481], "confusion_matrix": [[2998, 103, 287, 72, 162, 29, 23, 54, 430, 77], [172, 3515, 51, 70, 34, 34, 60, 40, 180, 545], [144, 27, 1913, 275, 380, 307, 139, 84, 37, 30], [166, 108, 448, 1747, 298, 1231, 411, 337, 104, 168], [467, 116, 1229, 448, 3137, 407, 549, 511, 233, 114], [27, 27, 294, 1430, 133, 2313, 109, 268, 73, 35], [66, 87, 399, 586, 344, 319, 3603, 69, 27, 61], [116, 28, 204, 101, 297, 228, 27, 3418, 9, 78], [514, 281, 82, 91, 130, 49, 42, 46, 3702, 188], [330, 708, 93, 180, 85, 83, 37, 173, 205, 3704]], "Classes": ["plane", "car", "bird", "cat", "deer", "dog", "frog", "horse", "ship", "truck"], "Total Accuracy": 0.9202}