{"name": "cnn1_base", "time": "2022-10-14 03:42:45.062993", "type": "train", "Accuracy": [0.99934, 0.9992, 0.99866, 0.99886, 0.99854, 0.99866, 0.99894, 0.99882, 0.99946, 0.99844], "Classification Error": [0.00066, 0.0008, 0.00134, 0.00114, 0.00146, 0.00134, 0.00106, 0.00118, 0.00054, 0.00156], "TP": [4984, 4964, 4936, 4990, 4967, 4957, 4950, 4998, 4983, 4994], "FP": [17, 4, 3, 47, 40, 24, 3, 57, 10, 72], "TN": [44983, 44996, 44997, 44953, 44960, 44976, 44997, 44943, 44990, 44928], "FN": [16, 36, 64, 10, 33, 43, 50, 2, 17, 6], "Precision": [0.9966006798640272, 0.999194847020934, 0.999392589593035, 0.9906690490371253, 0.9920111843419213, 0.9951816904236097, 0.9993943064809206, 0.9887240356083086, 0.9979971960745043, 0.9857876036320569], "Recall": [0.9968, 0.9928, 0.9872, 0.998, 0.9934, 0.9914, 0.99, 0.9996, 0.9966, 0.9988], "Specificity": [0.9996222222222222, 0.9999111111111111, 0.9999333333333333, 0.9989555555555556, 0.9991111111111111, 0.9994666666666666, 0.9999333333333333, 0.9987333333333334, 0.9997777777777778, 0.9984], "F1-Score": [0.9967003299670034, 0.9959871589085073, 0.9932588791628936, 0.9943210122546579, 0.992705106425502, 0.9932872457669573, 0.9946749723701398, 0.9941322725012431, 0.9972981086760733, 0.9922511424597655], "confusion_matrix": [[4984, 0, 8, 2, 1, 2, 0, 0, 2, 2], [1, 4964, 0, 0, 0, 1, 1, 0, 1, 0], [0, 0, 4936, 0, 0, 0, 3, 0, 0, 0], [1, 0, 11, 4990, 0, 17, 15, 0, 3, 0], [3, 0, 12, 3, 4967, 8, 11, 2, 0, 1], [0, 0, 13, 2, 4, 4957, 3, 0, 0, 2], [0, 1, 1, 0, 1, 0, 4950, 0, 0, 0], [1, 0, 15, 0, 20, 14, 5, 4998, 1, 1], [5, 0, 3, 0, 1, 0, 1, 0, 4983, 0], [5, 35, 1, 3, 6, 1, 11, 0, 10, 4994]], "Classes": ["plane", "car", "bird", "cat", "deer", "dog", "frog", "horse", "ship", "truck"], "Total Accuracy": 0.998892}