{"name": "cnn1_base", "time": "2022-10-13 20:29:25.851562", "type": "train", "Accuracy": [0.96556, 0.97862, 0.94016, 0.92224, 0.94572, 0.9393, 0.9642, 0.96818, 0.97694, 0.97236], "Classification Error": [0.03444, 0.02138, 0.05984, 0.07776, 0.05428, 0.0607, 0.0358, 0.03182, 0.02306, 0.02764], "TP": [4258, 4466, 3597, 3110, 3817, 2955, 4115, 4167, 4542, 4305], "FP": [980, 535, 1589, 1998, 1531, 990, 905, 758, 695, 687], "TN": [44020, 44465, 43411, 43002, 43469, 44010, 44095, 44242, 44305, 44313], "FN": [742, 534, 1403, 1890, 1183, 2045, 885, 833, 458, 695], "Precision": [0.812905689194349, 0.8930213957208558, 0.6935981488623216, 0.6088488645262333, 0.7137247569184741, 0.7490494296577946, 0.8197211155378487, 0.8460913705583757, 0.8672904334542677, 0.8623798076923077], "Recall": [0.8516, 0.8932, 0.7194, 0.622, 0.7634, 0.591, 0.823, 0.8334, 0.9084, 0.861], "Specificity": [0.9782222222222222, 0.9881111111111112, 0.9646888888888889, 0.9556, 0.9659777777777778, 0.978, 0.9798888888888889, 0.9831555555555556, 0.9845555555555555, 0.9847333333333333], "F1-Score": [0.83180308654034, 0.8931106889311068, 0.7062634989200864, 0.6153541749109616, 0.7377270970235794, 0.6607043040804919, 0.8213572854291418, 0.8396977329974813, 0.887369346488229, 0.861689351481185], "confusion_matrix": [[4258, 62, 226, 120, 123, 66, 34, 66, 188, 95], [58, 4466, 21, 25, 14, 16, 21, 20, 72, 288], [164, 11, 3597, 357, 359, 270, 254, 116, 27, 31], [58, 25, 290, 3110, 185, 946, 230, 172, 34, 58], [58, 13, 381, 290, 3817, 293, 198, 239, 25, 34], [19, 9, 142, 533, 77, 2955, 50, 136, 9, 15], [19, 29, 185, 294, 163, 149, 4115, 32, 14, 20], [17, 13, 80, 142, 205, 220, 28, 4167, 11, 42], [242, 96, 50, 77, 29, 46, 31, 12, 4542, 112], [107, 276, 28, 52, 28, 39, 39, 40, 78, 4305]], "Classes": ["plane", "car", "bird", "cat", "deer", "dog", "frog", "horse", "ship", "truck"], "Total Accuracy": 0.957328}